{"cameraMode":{"drawMode":0,"name":"Shaded","section":"Shading Mode"},"sceneLighting":true,"audioPlay":false,"sceneViewState":{"m_AlwaysRefresh":false,"showFog":true,"showSkybox":true,"showFlares":true,"showImageEffects":true,"showParticleSystems":true,"showVisualEffectGraphs":true,"m_FxEnabled":false},"in2DMode":false,"pivot":{"x":0.3972319960594177,"y":5.288800239562988,"z":-0.39885708689689639},"rotation":{"x":0.6419112682342529,"y":0.03378095477819443,"z":-0.02832646481692791,"w":0.7655193209648132},"size":3.6618714332580568,"orthographic":false}