{"cameraMode":{"drawMode":0,"name":"Shaded","section":"Shading Mode"},"sceneLighting":true,"audioPlay":false,"sceneViewState":{"m_AlwaysRefresh":false,"showFog":true,"showSkybox":true,"showFlares":true,"showImageEffects":true,"showParticleSystems":true,"showVisualEffectGraphs":true,"m_FxEnabled":false},"in2DMode":false,"pivot":{"x":2.268486261367798,"y":-1.6220834255218506,"z":-0.809196412563324},"rotation":{"x":0.7006778717041016,"y":0.0074907466769218449,"z":-0.007357781287282705,"w":0.7134038805961609},"size":10.651896476745606,"orthographic":false}