{"cameraMode":{"drawMode":0,"name":"Shaded","section":"Shading Mode"},"sceneLighting":true,"audioPlay":false,"sceneViewState":{"m_AlwaysRefresh":false,"showFog":true,"showSkybox":true,"showFlares":true,"showImageEffects":true,"showParticleSystems":true,"showVisualEffectGraphs":true,"m_FxEnabled":false},"in2DMode":false,"pivot":{"x":4.959010124206543,"y":5.450771808624268,"z":0.11627566814422608},"rotation":{"x":0.6419112682342529,"y":0.03378095477819443,"z":-0.02832646481692791,"w":0.7655193209648132},"size":8.009084701538086,"orthographic":false}