{"cameraMode":{"drawMode":0,"name":"Shaded","section":"Shading Mode"},"sceneLighting":true,"audioPlay":false,"sceneViewState":{"m_AlwaysRefresh":false,"showFog":true,"showSkybox":true,"showFlares":true,"showImageEffects":true,"showParticleSystems":true,"showVisualEffectGraphs":true,"m_FxEnabled":false},"in2DMode":false,"pivot":{"x":1.7937359809875489,"y":0.006150960922241211,"z":-1.2777912616729737},"rotation":{"x":0.5575677752494812,"y":0.13670024275779725,"z":-0.09370306879281998,"w":0.8134265542030335},"size":4.933012962341309,"orthographic":false}