{"cameraMode":{"drawMode":0,"name":"Shaded","section":"Shading Mode"},"sceneLighting":true,"audioPlay":false,"sceneViewState":{"m_AlwaysRefresh":false,"showFog":true,"showSkybox":true,"showFlares":true,"showImageEffects":true,"showParticleSystems":true,"showVisualEffectGraphs":true,"m_FxEnabled":false},"in2DMode":false,"pivot":{"x":4.093181610107422,"y":5.3646159172058109,"z":-0.2957848906517029},"rotation":{"x":0.6419112682342529,"y":0.03378095477819443,"z":-0.02832646481692791,"w":0.7655193209648132},"size":22.242347717285158,"orthographic":false}