{"cameraMode":{"drawMode":0,"name":"Shaded","section":"Shading Mode"},"sceneLighting":true,"audioPlay":false,"sceneViewState":{"m_AlwaysRefresh":false,"showFog":true,"showSkybox":true,"showFlares":true,"showImageEffects":true,"showParticleSystems":true,"showVisualEffectGraphs":true,"m_FxEnabled":false},"in2DMode":false,"pivot":{"x":0.2924986779689789,"y":0.37765979766845705,"z":0.3178122639656067},"rotation":{"x":0.5576202273368836,"y":0.1463005393743515,"z":-0.1006065383553505,"w":0.8108920454978943},"size":4.033012390136719,"orthographic":false}