{"cameraMode":{"drawMode":0,"name":"Shaded","section":"Shading Mode"},"sceneLighting":true,"audioPlay":false,"sceneViewState":{"m_AlwaysRefresh":false,"showFog":true,"showSkybox":true,"showFlares":true,"showImageEffects":true,"showParticleSystems":true,"showVisualEffectGraphs":true,"m_FxEnabled":false},"in2DMode":false,"pivot":{"x":-24.802059173583986,"y":-25.889907836914064,"z":52.40376281738281},"rotation":{"x":0.28840404748916628,"y":-0.22005930542945863,"z":0.06828878074884415,"w":0.9293744564056397},"size":51.90397262573242,"orthographic":false}