{"cameraMode":{"drawMode":0,"name":"Shaded","section":"Shading Mode"},"sceneLighting":true,"audioPlay":false,"sceneViewState":{"m_AlwaysRefresh":false,"showFog":true,"showSkybox":true,"showFlares":true,"showImageEffects":true,"showParticleSystems":true,"showVisualEffectGraphs":true,"m_FxEnabled":false},"in2DMode":false,"pivot":{"x":372.0516662597656,"y":194.3284912109375,"z":35.44172668457031},"rotation":{"x":0.0818067267537117,"y":0.002989998320117593,"z":-0.0002453098422847688,"w":0.9966447353363037},"size":254.68557739257813,"orthographic":false}