{"cameraMode":{"drawMode":0,"name":"Shaded","section":"Shading Mode"},"sceneLighting":true,"audioPlay":false,"sceneViewState":{"m_AlwaysRefresh":false,"showFog":true,"showSkybox":true,"showFlares":true,"showImageEffects":true,"showParticleSystems":true,"showVisualEffectGraphs":true,"m_FxEnabled":false},"in2DMode":false,"pivot":{"x":8.05735969543457,"y":0.6217454671859741,"z":0.30506664514541628},"rotation":{"x":0.44372156262397768,"y":-0.2505447268486023,"z":0.13072240352630616,"w":0.8504428267478943},"size":3.1643919944763185,"orthographic":false}